[
  {
    "officialCountryName": "Afghanistan",
    "isoCodeAlpha2": "AF",
    "isoCodeAlpha3": "AFG",
    "isoNumericCode": "004"
  },
  {
    "officialCountryName": "Åland Islands",
    "isoCodeAlpha2": "AX",
    "isoCodeAlpha3": "ALA",
    "isoNumericCode": "248"
  },
  {
    "officialCountryName": "Albania",
    "isoCodeAlpha2": "AL",
    "isoCodeAlpha3": "ALB",
    "isoNumericCode": "008"
  },
  {
    "officialCountryName": "Algeria",
    "isoCodeAlpha2": "DZ",
    "isoCodeAlpha3": "DZA",
    "isoNumericCode": "012"
  },
  {
    "officialCountryName": "American Samoa",
    "isoCodeAlpha2": "AS",
    "isoCodeAlpha3": "ASM",
    "isoNumericCode": "016"
  },
  {
    "officialCountryName": "Andorra",
    "isoCodeAlpha2": "AD",
    "isoCodeAlpha3": "AND",
    "isoNumericCode": "020"
  },
  {
    "officialCountryName": "Angola",
    "isoCodeAlpha2": "AO",
    "isoCodeAlpha3": "AGO",
    "isoNumericCode": "024"
  },
  {
    "officialCountryName": "Anguilla",
    "isoCodeAlpha2": "AI",
    "isoCodeAlpha3": "AIA",
    "isoNumericCode": "660"
  },
  {
    "officialCountryName": "Antarctica",
    "isoCodeAlpha2": "AQ",
    "isoCodeAlpha3": "ATA",
    "isoNumericCode": "010"
  },
  {
    "officialCountryName": "Antigua and Barbuda",
    "isoCodeAlpha2": "AG",
    "isoCodeAlpha3": "ATG",
    "isoNumericCode": "028"
  },
  {
    "officialCountryName": "Argentina",
    "isoCodeAlpha2": "AR",
    "isoCodeAlpha3": "ARG",
    "isoNumericCode": "032"
  },
  {
    "officialCountryName": "Armenia",
    "isoCodeAlpha2": "AM",
    "isoCodeAlpha3": "ARM",
    "isoNumericCode": "051"
  },
  {
    "officialCountryName": "Aruba",
    "isoCodeAlpha2": "AW",
    "isoCodeAlpha3": "ABW",
    "isoNumericCode": "533"
  },
  {
    "officialCountryName": "Australia",
    "isoCodeAlpha2": "AU",
    "isoCodeAlpha3": "AUS",
    "isoNumericCode": "036"
  },
  {
    "officialCountryName": "Austria",
    "isoCodeAlpha2": "AT",
    "isoCodeAlpha3": "AUT",
    "isoNumericCode": "040"
  },
  {
    "officialCountryName": "Azerbaijan",
    "isoCodeAlpha2": "AZ",
    "isoCodeAlpha3": "AZE",
    "isoNumericCode": "031"
  },
  {
    "officialCountryName": "Bahamas",
    "isoCodeAlpha2": "BS",
    "isoCodeAlpha3": "BHS",
    "isoNumericCode": "044"
  },
  {
    "officialCountryName": "Bahrain",
    "isoCodeAlpha2": "BH",
    "isoCodeAlpha3": "BHR",
    "isoNumericCode": "048"
  },
  {
    "officialCountryName": "Bangladesh",
    "isoCodeAlpha2": "BD",
    "isoCodeAlpha3": "BGD",
    "isoNumericCode": "050"
  },
  {
    "officialCountryName": "Barbados",
    "isoCodeAlpha2": "BB",
    "isoCodeAlpha3": "BRB",
    "isoNumericCode": "052"
  },
  {
    "officialCountryName": "Belarus",
    "isoCodeAlpha2": "BY",
    "isoCodeAlpha3": "BLR",
    "isoNumericCode": "112"
  },
  {
    "officialCountryName": "Belgium",
    "isoCodeAlpha2": "BE",
    "isoCodeAlpha3": "BEL",
    "isoNumericCode": "056"
  },
  {
    "officialCountryName": "Belize",
    "isoCodeAlpha2": "BZ",
    "isoCodeAlpha3": "BLZ",
    "isoNumericCode": "084"
  },
  {
    "officialCountryName": "Benin",
    "isoCodeAlpha2": "BJ",
    "isoCodeAlpha3": "BEN",
    "isoNumericCode": "204"
  },
  {
    "officialCountryName": "Bermuda",
    "isoCodeAlpha2": "BM",
    "isoCodeAlpha3": "BMU",
    "isoNumericCode": "060"
  },
  {
    "officialCountryName": "Bhutan",
    "isoCodeAlpha2": "BT",
    "isoCodeAlpha3": "BTN",
    "isoNumericCode": "064"
  },
  {
    "officialCountryName": "Bolivia (Plurinational State of)",
    "isoCodeAlpha2": "BO",
    "isoCodeAlpha3": "BOL",
    "isoNumericCode": "068"
  },
  {
    "officialCountryName": "Bonaire, Sint Eustatius and Saba",
    "isoCodeAlpha2": "BQ",
    "isoCodeAlpha3": "BES",
    "isoNumericCode": "535"
  },
  {
    "officialCountryName": "Bosnia and Herzegovina",
    "isoCodeAlpha2": "BA",
    "isoCodeAlpha3": "BIH",
    "isoNumericCode": "070"
  },
  {
    "officialCountryName": "Botswana",
    "isoCodeAlpha2": "BW",
    "isoCodeAlpha3": "BWA",
    "isoNumericCode": "072"
  },
  {
    "officialCountryName": "Bouvet Island",
    "isoCodeAlpha2": "BV",
    "isoCodeAlpha3": "BVT",
    "isoNumericCode": "074"
  },
  {
    "officialCountryName": "Brazil",
    "isoCodeAlpha2": "BR",
    "isoCodeAlpha3": "BRA",
    "isoNumericCode": "076"
  },
  {
    "officialCountryName": "British Indian Ocean Territory",
    "isoCodeAlpha2": "IO",
    "isoCodeAlpha3": "IOT",
    "isoNumericCode": "086"
  },
  {
    "officialCountryName": "Brunei Darussalam",
    "isoCodeAlpha2": "BN",
    "isoCodeAlpha3": "BRN",
    "isoNumericCode": "096"
  },
  {
    "officialCountryName": "Bulgaria",
    "isoCodeAlpha2": "BG",
    "isoCodeAlpha3": "BGR",
    "isoNumericCode": "100"
  },
  {
    "officialCountryName": "Burkina Faso",
    "isoCodeAlpha2": "BF",
    "isoCodeAlpha3": "BFA",
    "isoNumericCode": "854"
  },
  {
    "officialCountryName": "Burundi",
    "isoCodeAlpha2": "BI",
    "isoCodeAlpha3": "BDI",
    "isoNumericCode": "108"
  },
  {
    "officialCountryName": "Cabo Verde",
    "isoCodeAlpha2": "CV",
    "isoCodeAlpha3": "CPV",
    "isoNumericCode": "132"
  },
  {
    "officialCountryName": "Cambodia",
    "isoCodeAlpha2": "KH",
    "isoCodeAlpha3": "KHM",
    "isoNumericCode": "116"
  },
  {
    "officialCountryName": "Cameroon",
    "isoCodeAlpha2": "CM",
    "isoCodeAlpha3": "CMR",
    "isoNumericCode": "120"
  },
  {
    "officialCountryName": "Canada",
    "isoCodeAlpha2": "CA",
    "isoCodeAlpha3": "CAN",
    "isoNumericCode": "124"
  },
  {
    "officialCountryName": "Cayman Islands",
    "isoCodeAlpha2": "KY",
    "isoCodeAlpha3": "CYM",
    "isoNumericCode": "136"
  },
  {
    "officialCountryName": "Central African Republic",
    "isoCodeAlpha2": "CF",
    "isoCodeAlpha3": "CAF",
    "isoNumericCode": "140"
  },
  {
    "officialCountryName": "Chad",
    "isoCodeAlpha2": "TD",
    "isoCodeAlpha3": "TCD",
    "isoNumericCode": "148"
  },
  {
    "officialCountryName": "Chile",
    "isoCodeAlpha2": "CL",
    "isoCodeAlpha3": "CHL",
    "isoNumericCode": "152"
  },
  {
    "officialCountryName": "China",
    "isoCodeAlpha2": "CN",
    "isoCodeAlpha3": "CHN",
    "isoNumericCode": "156"
  },
  {
    "officialCountryName": "Christmas Island",
    "isoCodeAlpha2": "CX",
    "isoCodeAlpha3": "CXR",
    "isoNumericCode": "162"
  },
  {
    "officialCountryName": "Cocos (Keeling) Islands",
    "isoCodeAlpha2": "CC",
    "isoCodeAlpha3": "CCK",
    "isoNumericCode": "166"
  },
  {
    "officialCountryName": "Colombia",
    "isoCodeAlpha2": "CO",
    "isoCodeAlpha3": "COL",
    "isoNumericCode": "170"
  },
  {
    "officialCountryName": "Comoros",
    "isoCodeAlpha2": "KM",
    "isoCodeAlpha3": "COM",
    "isoNumericCode": "174"
  },
  {
    "officialCountryName": "Congo",
    "isoCodeAlpha2": "CG",
    "isoCodeAlpha3": "COG",
    "isoNumericCode": "178"
  },
  {
    "officialCountryName": "Congo, Democratic Republic of the",
    "isoCodeAlpha2": "CD",
    "isoCodeAlpha3": "COD",
    "isoNumericCode": "180"
  },
  {
    "officialCountryName": "Cook Islands",
    "isoCodeAlpha2": "CK",
    "isoCodeAlpha3": "COK",
    "isoNumericCode": "184"
  },
  {
    "officialCountryName": "Costa Rica",
    "isoCodeAlpha2": "CR",
    "isoCodeAlpha3": "CRI",
    "isoNumericCode": "188"
  },
  {
    "officialCountryName": "Côte d'Ivoire",
    "isoCodeAlpha2": "CI",
    "isoCodeAlpha3": "CIV",
    "isoNumericCode": "384"
  },
  {
    "officialCountryName": "Croatia",
    "isoCodeAlpha2": "HR",
    "isoCodeAlpha3": "HRV",
    "isoNumericCode": "191"
  },
  {
    "officialCountryName": "Cuba",
    "isoCodeAlpha2": "CU",
    "isoCodeAlpha3": "CUB",
    "isoNumericCode": "192"
  },
  {
    "officialCountryName": "Curaçao",
    "isoCodeAlpha2": "CW",
    "isoCodeAlpha3": "CUW",
    "isoNumericCode": "531"
  },
  {
    "officialCountryName": "Cyprus",
    "isoCodeAlpha2": "CY",
    "isoCodeAlpha3": "CYP",
    "isoNumericCode": "196"
  },
  {
    "officialCountryName": "Czechia",
    "isoCodeAlpha2": "CZ",
    "isoCodeAlpha3": "CZE",
    "isoNumericCode": "203"
  },
  {
    "officialCountryName": "Denmark",
    "isoCodeAlpha2": "DK",
    "isoCodeAlpha3": "DNK",
    "isoNumericCode": "208"
  },
  {
    "officialCountryName": "Djibouti",
    "isoCodeAlpha2": "DJ",
    "isoCodeAlpha3": "DJI",
    "isoNumericCode": "262"
  },
  {
    "officialCountryName": "Dominica",
    "isoCodeAlpha2": "DM",
    "isoCodeAlpha3": "DMA",
    "isoNumericCode": "212"
  },
  {
    "officialCountryName": "Dominican Republic",
    "isoCodeAlpha2": "DO",
    "isoCodeAlpha3": "DOM",
    "isoNumericCode": "214"
  },
  {
    "officialCountryName": "Ecuador",
    "isoCodeAlpha2": "EC",
    "isoCodeAlpha3": "ECU",
    "isoNumericCode": "218"
  },
  {
    "officialCountryName": "Egypt",
    "isoCodeAlpha2": "EG",
    "isoCodeAlpha3": "EGY",
    "isoNumericCode": "818"
  },
  {
    "officialCountryName": "El Salvador",
    "isoCodeAlpha2": "SV",
    "isoCodeAlpha3": "SLV",
    "isoNumericCode": "222"
  },
  {
    "officialCountryName": "Equatorial Guinea",
    "isoCodeAlpha2": "GQ",
    "isoCodeAlpha3": "GNQ",
    "isoNumericCode": "226"
  },
  {
    "officialCountryName": "Eritrea",
    "isoCodeAlpha2": "ER",
    "isoCodeAlpha3": "ERI",
    "isoNumericCode": "232"
  },
  {
    "officialCountryName": "Estonia",
    "isoCodeAlpha2": "EE",
    "isoCodeAlpha3": "EST",
    "isoNumericCode": "233"
  },
  {
    "officialCountryName": "Eswatini",
    "isoCodeAlpha2": "SZ",
    "isoCodeAlpha3": "SWZ",
    "isoNumericCode": "748"
  },
  {
    "officialCountryName": "Ethiopia",
    "isoCodeAlpha2": "ET",
    "isoCodeAlpha3": "ETH",
    "isoNumericCode": "231"
  },
  {
    "officialCountryName": "Falkland Islands (Malvinas)",
    "isoCodeAlpha2": "FK",
    "isoCodeAlpha3": "FLK",
    "isoNumericCode": "238"
  },
  {
    "officialCountryName": "Faroe Islands",
    "isoCodeAlpha2": "FO",
    "isoCodeAlpha3": "FRO",
    "isoNumericCode": "234"
  },
  {
    "officialCountryName": "Fiji",
    "isoCodeAlpha2": "FJ",
    "isoCodeAlpha3": "FJI",
    "isoNumericCode": "242"
  },
  {
    "officialCountryName": "Finland",
    "isoCodeAlpha2": "FI",
    "isoCodeAlpha3": "FIN",
    "isoNumericCode": "246"
  },
  {
    "officialCountryName": "France",
    "isoCodeAlpha2": "FR",
    "isoCodeAlpha3": "FRA",
    "isoNumericCode": "250"
  },
  {
    "officialCountryName": "French Guiana",
    "isoCodeAlpha2": "GF",
    "isoCodeAlpha3": "GUF",
    "isoNumericCode": "254"
  },
  {
    "officialCountryName": "French Polynesia",
    "isoCodeAlpha2": "PF",
    "isoCodeAlpha3": "PYF",
    "isoNumericCode": "258"
  },
  {
    "officialCountryName": "French Southern Territories",
    "isoCodeAlpha2": "TF",
    "isoCodeAlpha3": "ATF",
    "isoNumericCode": "260"
  },
  {
    "officialCountryName": "Gabon",
    "isoCodeAlpha2": "GA",
    "isoCodeAlpha3": "GAB",
    "isoNumericCode": "266"
  },
  {
    "officialCountryName": "Gambia",
    "isoCodeAlpha2": "GM",
    "isoCodeAlpha3": "GMB",
    "isoNumericCode": "270"
  },
  {
    "officialCountryName": "Georgia",
    "isoCodeAlpha2": "GE",
    "isoCodeAlpha3": "GEO",
    "isoNumericCode": "268"
  },
  {
    "officialCountryName": "Germany",
    "isoCodeAlpha2": "DE",
    "isoCodeAlpha3": "DEU",
    "isoNumericCode": "276"
  },
  {
    "officialCountryName": "Ghana",
    "isoCodeAlpha2": "GH",
    "isoCodeAlpha3": "GHA",
    "isoNumericCode": "288"
  },
  {
    "officialCountryName": "Gibraltar",
    "isoCodeAlpha2": "GI",
    "isoCodeAlpha3": "GIB",
    "isoNumericCode": "292"
  },
  {
    "officialCountryName": "Greece",
    "isoCodeAlpha2": "GR",
    "isoCodeAlpha3": "GRC",
    "isoNumericCode": "300"
  },
  {
    "officialCountryName": "Greenland",
    "isoCodeAlpha2": "GL",
    "isoCodeAlpha3": "GRL",
    "isoNumericCode": "304"
  },
  {
    "officialCountryName": "Grenada",
    "isoCodeAlpha2": "GD",
    "isoCodeAlpha3": "GRD",
    "isoNumericCode": "308"
  },
  {
    "officialCountryName": "Guadeloupe",
    "isoCodeAlpha2": "GP",
    "isoCodeAlpha3": "GLP",
    "isoNumericCode": "312"
  },
  {
    "officialCountryName": "Guam",
    "isoCodeAlpha2": "GU",
    "isoCodeAlpha3": "GUM",
    "isoNumericCode": "316"
  },
  {
    "officialCountryName": "Guatemala",
    "isoCodeAlpha2": "GT",
    "isoCodeAlpha3": "GTM",
    "isoNumericCode": "320"
  },
  {
    "officialCountryName": "Guernsey",
    "isoCodeAlpha2": "GG",
    "isoCodeAlpha3": "GGY",
    "isoNumericCode": "831"
  },
  {
    "officialCountryName": "Guinea",
    "isoCodeAlpha2": "GN",
    "isoCodeAlpha3": "GIN",
    "isoNumericCode": "324"
  },
  {
    "officialCountryName": "Guinea-Bissau",
    "isoCodeAlpha2": "GW",
    "isoCodeAlpha3": "GNB",
    "isoNumericCode": "624"
  },
  {
    "officialCountryName": "Guyana",
    "isoCodeAlpha2": "GY",
    "isoCodeAlpha3": "GUY",
    "isoNumericCode": "328"
  },
  {
    "officialCountryName": "Haiti",
    "isoCodeAlpha2": "HT",
    "isoCodeAlpha3": "HTI",
    "isoNumericCode": "332"
  },
  {
    "officialCountryName": "Heard Island and McDonald Islands",
    "isoCodeAlpha2": "HM",
    "isoCodeAlpha3": "HMD",
    "isoNumericCode": "334"
  },
  {
    "officialCountryName": "Holy See",
    "isoCodeAlpha2": "VA",
    "isoCodeAlpha3": "VAT",
    "isoNumericCode": "336"
  },
  {
    "officialCountryName": "Honduras",
    "isoCodeAlpha2": "HN",
    "isoCodeAlpha3": "HND",
    "isoNumericCode": "340"
  },
  {
    "officialCountryName": "Hong Kong",
    "isoCodeAlpha2": "HK",
    "isoCodeAlpha3": "HKG",
    "isoNumericCode": "344"
  },
  {
    "officialCountryName": "Hungary",
    "isoCodeAlpha2": "HU",
    "isoCodeAlpha3": "HUN",
    "isoNumericCode": "348"
  },
  {
    "officialCountryName": "Iceland",
    "isoCodeAlpha2": "IS",
    "isoCodeAlpha3": "ISL",
    "isoNumericCode": "352"
  },
  {
    "officialCountryName": "India",
    "isoCodeAlpha2": "IN",
    "isoCodeAlpha3": "IND",
    "isoNumericCode": "356"
  },
  {
    "officialCountryName": "Indonesia",
    "isoCodeAlpha2": "ID",
    "isoCodeAlpha3": "IDN",
    "isoNumericCode": "360"
  },
  {
    "officialCountryName": "Iran (Islamic Republic of)",
    "isoCodeAlpha2": "IR",
    "isoCodeAlpha3": "IRN",
    "isoNumericCode": "364"
  },
  {
    "officialCountryName": "Iraq",
    "isoCodeAlpha2": "IQ",
    "isoCodeAlpha3": "IRQ",
    "isoNumericCode": "368"
  },
  {
    "officialCountryName": "Ireland",
    "isoCodeAlpha2": "IE",
    "isoCodeAlpha3": "IRL",
    "isoNumericCode": "372"
  },
  {
    "officialCountryName": "Isle of Man",
    "isoCodeAlpha2": "IM",
    "isoCodeAlpha3": "IMN",
    "isoNumericCode": "833"
  },
  {
    "officialCountryName": "Israel",
    "isoCodeAlpha2": "IL",
    "isoCodeAlpha3": "ISR",
    "isoNumericCode": "376"
  },
  {
    "officialCountryName": "Italy",
    "isoCodeAlpha2": "IT",
    "isoCodeAlpha3": "ITA",
    "isoNumericCode": "380"
  },
  {
    "officialCountryName": "Jamaica",
    "isoCodeAlpha2": "JM",
    "isoCodeAlpha3": "JAM",
    "isoNumericCode": "388"
  },
  {
    "officialCountryName": "Japan",
    "isoCodeAlpha2": "JP",
    "isoCodeAlpha3": "JPN",
    "isoNumericCode": "392"
  },
  {
    "officialCountryName": "Jersey",
    "isoCodeAlpha2": "JE",
    "isoCodeAlpha3": "JEY",
    "isoNumericCode": "832"
  },
  {
    "officialCountryName": "Jordan",
    "isoCodeAlpha2": "JO",
    "isoCodeAlpha3": "JOR",
    "isoNumericCode": "400"
  },
  {
    "officialCountryName": "Kazakhstan",
    "isoCodeAlpha2": "KZ",
    "isoCodeAlpha3": "KAZ",
    "isoNumericCode": "398"
  },
  {
    "officialCountryName": "Kenya",
    "isoCodeAlpha2": "KE",
    "isoCodeAlpha3": "KEN",
    "isoNumericCode": "404"
  },
  {
    "officialCountryName": "Kiribati",
    "isoCodeAlpha2": "KI",
    "isoCodeAlpha3": "KIR",
    "isoNumericCode": "296"
  },
  {
    "officialCountryName": "Korea (Democratic People's Republic of)",
    "isoCodeAlpha2": "KP",
    "isoCodeAlpha3": "PRK",
    "isoNumericCode": "408"
  },
  {
    "officialCountryName": "Korea, Republic of",
    "isoCodeAlpha2": "KR",
    "isoCodeAlpha3": "KOR",
    "isoNumericCode": "410"
  },
  {
    "officialCountryName": "Kuwait",
    "isoCodeAlpha2": "KW",
    "isoCodeAlpha3": "KWT",
    "isoNumericCode": "414"
  },
  {
    "officialCountryName": "Kyrgyzstan",
    "isoCodeAlpha2": "KG",
    "isoCodeAlpha3": "KGZ",
    "isoNumericCode": "417"
  },
  {
    "officialCountryName": "Lao People's Democratic Republic",
    "isoCodeAlpha2": "LA",
    "isoCodeAlpha3": "LAO",
    "isoNumericCode": "418"
  },
  {
    "officialCountryName": "Latvia",
    "isoCodeAlpha2": "LV",
    "isoCodeAlpha3": "LVA",
    "isoNumericCode": "428"
  },
  {
    "officialCountryName": "Lebanon",
    "isoCodeAlpha2": "LB",
    "isoCodeAlpha3": "LBN",
    "isoNumericCode": "422"
  },
  {
    "officialCountryName": "Lesotho",
    "isoCodeAlpha2": "LS",
    "isoCodeAlpha3": "LSO",
    "isoNumericCode": "426"
  },
  {
    "officialCountryName": "Liberia",
    "isoCodeAlpha2": "LR",
    "isoCodeAlpha3": "LBR",
    "isoNumericCode": "430"
  },
  {
    "officialCountryName": "Libya",
    "isoCodeAlpha2": "LY",
    "isoCodeAlpha3": "LBY",
    "isoNumericCode": "434"
  },
  {
    "officialCountryName": "Liechtenstein",
    "isoCodeAlpha2": "LI",
    "isoCodeAlpha3": "LIE",
    "isoNumericCode": "438"
  },
  {
    "officialCountryName": "Lithuania",
    "isoCodeAlpha2": "LT",
    "isoCodeAlpha3": "LTU",
    "isoNumericCode": "440"
  },
  {
    "officialCountryName": "Luxembourg",
    "isoCodeAlpha2": "LU",
    "isoCodeAlpha3": "LUX",
    "isoNumericCode": "442"
  },
  {
    "officialCountryName": "Macao",
    "isoCodeAlpha2": "MO",
    "isoCodeAlpha3": "MAC",
    "isoNumericCode": "446"
  },
  {
    "officialCountryName": "Madagascar",
    "isoCodeAlpha2": "MG",
    "isoCodeAlpha3": "MDG",
    "isoNumericCode": "450"
  },
  {
    "officialCountryName": "Malawi",
    "isoCodeAlpha2": "MW",
    "isoCodeAlpha3": "MWI",
    "isoNumericCode": "454"
  },
  {
    "officialCountryName": "Malaysia",
    "isoCodeAlpha2": "MY",
    "isoCodeAlpha3": "MYS",
    "isoNumericCode": "458"
  },
  {
    "officialCountryName": "Maldives",
    "isoCodeAlpha2": "MV",
    "isoCodeAlpha3": "MDV",
    "isoNumericCode": "462"
  },
  {
    "officialCountryName": "Mali",
    "isoCodeAlpha2": "ML",
    "isoCodeAlpha3": "MLI",
    "isoNumericCode": "466"
  },
  {
    "officialCountryName": "Malta",
    "isoCodeAlpha2": "MT",
    "isoCodeAlpha3": "MLT",
    "isoNumericCode": "470"
  },
  {
    "officialCountryName": "Marshall Islands",
    "isoCodeAlpha2": "MH",
    "isoCodeAlpha3": "MHL",
    "isoNumericCode": "584"
  },
  {
    "officialCountryName": "Martinique",
    "isoCodeAlpha2": "MQ",
    "isoCodeAlpha3": "MTQ",
    "isoNumericCode": "474"
  },
  {
    "officialCountryName": "Mauritania",
    "isoCodeAlpha2": "MR",
    "isoCodeAlpha3": "MRT",
    "isoNumericCode": "478"
  },
  {
    "officialCountryName": "Mauritius",
    "isoCodeAlpha2": "MU",
    "isoCodeAlpha3": "MUS",
    "isoNumericCode": "480"
  },
  {
    "officialCountryName": "Mayotte",
    "isoCodeAlpha2": "YT",
    "isoCodeAlpha3": "MYT",
    "isoNumericCode": "175"
  },
  {
    "officialCountryName": "Mexico",
    "isoCodeAlpha2": "MX",
    "isoCodeAlpha3": "MEX",
    "isoNumericCode": "484"
  },
  {
    "officialCountryName": "Micronesia (Federated States of)",
    "isoCodeAlpha2": "FM",
    "isoCodeAlpha3": "FSM",
    "isoNumericCode": "583"
  },
  {
    "officialCountryName": "Moldova, Republic of",
    "isoCodeAlpha2": "MD",
    "isoCodeAlpha3": "MDA",
    "isoNumericCode": "498"
  },
  {
    "officialCountryName": "Monaco",
    "isoCodeAlpha2": "MC",
    "isoCodeAlpha3": "MCO",
    "isoNumericCode": "492"
  },
  {
    "officialCountryName": "Mongolia",
    "isoCodeAlpha2": "MN",
    "isoCodeAlpha3": "MNG",
    "isoNumericCode": "496"
  },
  {
    "officialCountryName": "Montenegro",
    "isoCodeAlpha2": "ME",
    "isoCodeAlpha3": "MNE",
    "isoNumericCode": "499"
  },
  {
    "officialCountryName": "Montserrat",
    "isoCodeAlpha2": "MS",
    "isoCodeAlpha3": "MSR",
    "isoNumericCode": "500"
  },
  {
    "officialCountryName": "Morocco",
    "isoCodeAlpha2": "MA",
    "isoCodeAlpha3": "MAR",
    "isoNumericCode": "504"
  },
  {
    "officialCountryName": "Mozambique",
    "isoCodeAlpha2": "MZ",
    "isoCodeAlpha3": "MOZ",
    "isoNumericCode": "508"
  },
  {
    "officialCountryName": "Myanmar",
    "isoCodeAlpha2": "MM",
    "isoCodeAlpha3": "MMR",
    "isoNumericCode": "104"
  },
  {
    "officialCountryName": "Namibia",
    "isoCodeAlpha2": "NA",
    "isoCodeAlpha3": "NAM",
    "isoNumericCode": "516"
  },
  {
    "officialCountryName": "Nauru",
    "isoCodeAlpha2": "NR",
    "isoCodeAlpha3": "NRU",
    "isoNumericCode": "520"
  },
  {
    "officialCountryName": "Nepal",
    "isoCodeAlpha2": "NP",
    "isoCodeAlpha3": "NPL",
    "isoNumericCode": "524"
  },
  {
    "officialCountryName": "Netherlands",
    "isoCodeAlpha2": "NL",
    "isoCodeAlpha3": "NLD",
    "isoNumericCode": "528"
  },
  {
    "officialCountryName": "New Caledonia",
    "isoCodeAlpha2": "NC",
    "isoCodeAlpha3": "NCL",
    "isoNumericCode": "540"
  },
  {
    "officialCountryName": "New Zealand",
    "isoCodeAlpha2": "NZ",
    "isoCodeAlpha3": "NZL",
    "isoNumericCode": "554"
  },
  {
    "officialCountryName": "Nicaragua",
    "isoCodeAlpha2": "NI",
    "isoCodeAlpha3": "NIC",
    "isoNumericCode": "558"
  },
  {
    "officialCountryName": "Niger",
    "isoCodeAlpha2": "NE",
    "isoCodeAlpha3": "NER",
    "isoNumericCode": "562"
  },
  {
    "officialCountryName": "Nigeria",
    "isoCodeAlpha2": "NG",
    "isoCodeAlpha3": "NGA",
    "isoNumericCode": "566"
  },
  {
    "officialCountryName": "Niue",
    "isoCodeAlpha2": "NU",
    "isoCodeAlpha3": "NIU",
    "isoNumericCode": "570"
  },
  {
    "officialCountryName": "Norfolk Island",
    "isoCodeAlpha2": "NF",
    "isoCodeAlpha3": "NFK",
    "isoNumericCode": "574"
  },
  {
    "officialCountryName": "North Macedonia",
    "isoCodeAlpha2": "MK",
    "isoCodeAlpha3": "MKD",
    "isoNumericCode": "807"
  },
  {
    "officialCountryName": "Northern Mariana Islands",
    "isoCodeAlpha2": "MP",
    "isoCodeAlpha3": "MNP",
    "isoNumericCode": "580"
  },
  {
    "officialCountryName": "Norway",
    "isoCodeAlpha2": "NO",
    "isoCodeAlpha3": "NOR",
    "isoNumericCode": "578"
  },
  {
    "officialCountryName": "Oman",
    "isoCodeAlpha2": "OM",
    "isoCodeAlpha3": "OMN",
    "isoNumericCode": "512"
  },
  {
    "officialCountryName": "Pakistan",
    "isoCodeAlpha2": "PK",
    "isoCodeAlpha3": "PAK",
    "isoNumericCode": "586"
  },
  {
    "officialCountryName": "Palau",
    "isoCodeAlpha2": "PW",
    "isoCodeAlpha3": "PLW",
    "isoNumericCode": "585"
  },
  {
    "officialCountryName": "Palestine, State of",
    "isoCodeAlpha2": "PS",
    "isoCodeAlpha3": "PSE",
    "isoNumericCode": "275"
  },
  {
    "officialCountryName": "Panama",
    "isoCodeAlpha2": "PA",
    "isoCodeAlpha3": "PAN",
    "isoNumericCode": "591"
  },
  {
    "officialCountryName": "Papua New Guinea",
    "isoCodeAlpha2": "PG",
    "isoCodeAlpha3": "PNG",
    "isoNumericCode": "598"
  },
  {
    "officialCountryName": "Paraguay",
    "isoCodeAlpha2": "PY",
    "isoCodeAlpha3": "PRY",
    "isoNumericCode": "600"
  },
  {
    "officialCountryName": "Peru",
    "isoCodeAlpha2": "PE",
    "isoCodeAlpha3": "PER",
    "isoNumericCode": "604"
  },
  {
    "officialCountryName": "Philippines",
    "isoCodeAlpha2": "PH",
    "isoCodeAlpha3": "PHL",
    "isoNumericCode": "608"
  },
  {
    "officialCountryName": "Pitcairn",
    "isoCodeAlpha2": "PN",
    "isoCodeAlpha3": "PCN",
    "isoNumericCode": "612"
  },
  {
    "officialCountryName": "Poland",
    "isoCodeAlpha2": "PL",
    "isoCodeAlpha3": "POL",
    "isoNumericCode": "616"
  },
  {
    "officialCountryName": "Portugal",
    "isoCodeAlpha2": "PT",
    "isoCodeAlpha3": "PRT",
    "isoNumericCode": "620"
  },
  {
    "officialCountryName": "Puerto Rico",
    "isoCodeAlpha2": "PR",
    "isoCodeAlpha3": "PRI",
    "isoNumericCode": "630"
  },
  {
    "officialCountryName": "Qatar",
    "isoCodeAlpha2": "QA",
    "isoCodeAlpha3": "QAT",
    "isoNumericCode": "634"
  },
  {
    "officialCountryName": "Réunion",
    "isoCodeAlpha2": "RE",
    "isoCodeAlpha3": "REU",
    "isoNumericCode": "638"
  },
  {
    "officialCountryName": "Romania",
    "isoCodeAlpha2": "RO",
    "isoCodeAlpha3": "ROU",
    "isoNumericCode": "642"
  },
  {
    "officialCountryName": "Russian Federation",
    "isoCodeAlpha2": "RU",
    "isoCodeAlpha3": "RUS",
    "isoNumericCode": "643"
  },
  {
    "officialCountryName": "Rwanda",
    "isoCodeAlpha2": "RW",
    "isoCodeAlpha3": "RWA",
    "isoNumericCode": "646"
  },
  {
    "officialCountryName": "Saint Barthélemy",
    "isoCodeAlpha2": "BL",
    "isoCodeAlpha3": "BLM",
    "isoNumericCode": "652"
  },
  {
    "officialCountryName": "Saint Helena, Ascension and Tristan da Cunha",
    "isoCodeAlpha2": "SH",
    "isoCodeAlpha3": "SHN",
    "isoNumericCode": "654"
  },
  {
    "officialCountryName": "Saint Kitts and Nevis",
    "isoCodeAlpha2": "KN",
    "isoCodeAlpha3": "KNA",
    "isoNumericCode": "659"
  },
  {
    "officialCountryName": "Saint Lucia",
    "isoCodeAlpha2": "LC",
    "isoCodeAlpha3": "LCA",
    "isoNumericCode": "662"
  },
  {
    "officialCountryName": "Saint Martin (French part)",
    "isoCodeAlpha2": "MF",
    "isoCodeAlpha3": "MAF",
    "isoNumericCode": "663"
  },
  {
    "officialCountryName": "Saint Pierre and Miquelon",
    "isoCodeAlpha2": "PM",
    "isoCodeAlpha3": "SPM",
    "isoNumericCode": "666"
  },
  {
    "officialCountryName": "Saint Vincent and the Grenadines",
    "isoCodeAlpha2": "VC",
    "isoCodeAlpha3": "VCT",
    "isoNumericCode": "670"
  },
  {
    "officialCountryName": "Samoa",
    "isoCodeAlpha2": "WS",
    "isoCodeAlpha3": "WSM",
    "isoNumericCode": "882"
  },
  {
    "officialCountryName": "San Marino",
    "isoCodeAlpha2": "SM",
    "isoCodeAlpha3": "SMR",
    "isoNumericCode": "674"
  },
  {
    "officialCountryName": "Sao Tome and Principe",
    "isoCodeAlpha2": "ST",
    "isoCodeAlpha3": "STP",
    "isoNumericCode": "678"
  },
  {
    "officialCountryName": "Saudi Arabia",
    "isoCodeAlpha2": "SA",
    "isoCodeAlpha3": "SAU",
    "isoNumericCode": "682"
  },
  {
    "officialCountryName": "Senegal",
    "isoCodeAlpha2": "SN",
    "isoCodeAlpha3": "SEN",
    "isoNumericCode": "686"
  },
  {
    "officialCountryName": "Serbia",
    "isoCodeAlpha2": "RS",
    "isoCodeAlpha3": "SRB",
    "isoNumericCode": "688"
  },
  {
    "officialCountryName": "Seychelles",
    "isoCodeAlpha2": "SC",
    "isoCodeAlpha3": "SYC",
    "isoNumericCode": "690"
  },
  {
    "officialCountryName": "Sierra Leone",
    "isoCodeAlpha2": "SL",
    "isoCodeAlpha3": "SLE",
    "isoNumericCode": "694"
  },
  {
    "officialCountryName": "Singapore",
    "isoCodeAlpha2": "SG",
    "isoCodeAlpha3": "SGP",
    "isoNumericCode": "702"
  },
  {
    "officialCountryName": "Sint Maarten (Dutch part)",
    "isoCodeAlpha2": "SX",
    "isoCodeAlpha3": "SXM",
    "isoNumericCode": "534"
  },
  {
    "officialCountryName": "Slovakia",
    "isoCodeAlpha2": "SK",
    "isoCodeAlpha3": "SVK",
    "isoNumericCode": "703"
  },
  {
    "officialCountryName": "Slovenia",
    "isoCodeAlpha2": "SI",
    "isoCodeAlpha3": "SVN",
    "isoNumericCode": "705"
  },
  {
    "officialCountryName": "Solomon Islands",
    "isoCodeAlpha2": "SB",
    "isoCodeAlpha3": "SLB",
    "isoNumericCode": "090"
  },
  {
    "officialCountryName": "Somalia",
    "isoCodeAlpha2": "SO",
    "isoCodeAlpha3": "SOM",
    "isoNumericCode": "706"
  },
  {
    "officialCountryName": "South Africa",
    "isoCodeAlpha2": "ZA",
    "isoCodeAlpha3": "ZAF",
    "isoNumericCode": "710"
  },
  {
    "officialCountryName": "South Georgia and the South Sandwich Islands",
    "isoCodeAlpha2": "GS",
    "isoCodeAlpha3": "SGS",
    "isoNumericCode": "239"
  },
  {
    "officialCountryName": "South Sudan",
    "isoCodeAlpha2": "SS",
    "isoCodeAlpha3": "SSD",
    "isoNumericCode": "728"
  },
  {
    "officialCountryName": "Spain",
    "isoCodeAlpha2": "ES",
    "isoCodeAlpha3": "ESP",
    "isoNumericCode": "724"
  },
  {
    "officialCountryName": "Sri Lanka",
    "isoCodeAlpha2": "LK",
    "isoCodeAlpha3": "LKA",
    "isoNumericCode": "144"
  },
  {
    "officialCountryName": "Sudan",
    "isoCodeAlpha2": "SD",
    "isoCodeAlpha3": "SDN",
    "isoNumericCode": "729"
  },
  {
    "officialCountryName": "Suriname",
    "isoCodeAlpha2": "SR",
    "isoCodeAlpha3": "SUR",
    "isoNumericCode": "740"
  },
  {
    "officialCountryName": "Svalbard and Jan Mayen",
    "isoCodeAlpha2": "SJ",
    "isoCodeAlpha3": "SJM",
    "isoNumericCode": "744"
  },
  {
    "officialCountryName": "Sweden",
    "isoCodeAlpha2": "SE",
    "isoCodeAlpha3": "SWE",
    "isoNumericCode": "752"
  },
  {
    "officialCountryName": "Switzerland",
    "isoCodeAlpha2": "CH",
    "isoCodeAlpha3": "CHE",
    "isoNumericCode": "756"
  },
  {
    "officialCountryName": "Syrian Arab Republic",
    "isoCodeAlpha2": "SY",
    "isoCodeAlpha3": "SYR",
    "isoNumericCode": "760"
  },
  {
    "officialCountryName": "Taiwan, Province of China",
    "isoCodeAlpha2": "TW",
    "isoCodeAlpha3": "TWN",
    "isoNumericCode": "158"
  },
  {
    "officialCountryName": "Tajikistan",
    "isoCodeAlpha2": "TJ",
    "isoCodeAlpha3": "TJK",
    "isoNumericCode": "762"
  },
  {
    "officialCountryName": "Tanzania, United Republic of",
    "isoCodeAlpha2": "TZ",
    "isoCodeAlpha3": "TZA",
    "isoNumericCode": "834"
  },
  {
    "officialCountryName": "Thailand",
    "isoCodeAlpha2": "TH",
    "isoCodeAlpha3": "THA",
    "isoNumericCode": "764"
  },
  {
    "officialCountryName": "Timor-Leste",
    "isoCodeAlpha2": "TL",
    "isoCodeAlpha3": "TLS",
    "isoNumericCode": "626"
  },
  {
    "officialCountryName": "Togo",
    "isoCodeAlpha2": "TG",
    "isoCodeAlpha3": "TGO",
    "isoNumericCode": "768"
  },
  {
    "officialCountryName": "Tokelau",
    "isoCodeAlpha2": "TK",
    "isoCodeAlpha3": "TKL",
    "isoNumericCode": "772"
  },
  {
    "officialCountryName": "Tonga",
    "isoCodeAlpha2": "TO",
    "isoCodeAlpha3": "TON",
    "isoNumericCode": "776"
  },
  {
    "officialCountryName": "Trinidad and Tobago",
    "isoCodeAlpha2": "TT",
    "isoCodeAlpha3": "TTO",
    "isoNumericCode": "780"
  },
  {
    "officialCountryName": "Tunisia",
    "isoCodeAlpha2": "TN",
    "isoCodeAlpha3": "TUN",
    "isoNumericCode": "788"
  },
  {
    "officialCountryName": "Turkey",
    "isoCodeAlpha2": "TR",
    "isoCodeAlpha3": "TUR",
    "isoNumericCode": "792"
  },
  {
    "officialCountryName": "Turkmenistan",
    "isoCodeAlpha2": "TM",
    "isoCodeAlpha3": "TKM",
    "isoNumericCode": "795"
  },
  {
    "officialCountryName": "Turks and Caicos Islands",
    "isoCodeAlpha2": "TC",
    "isoCodeAlpha3": "TCA",
    "isoNumericCode": "796"
  },
  {
    "officialCountryName": "Tuvalu",
    "isoCodeAlpha2": "TV",
    "isoCodeAlpha3": "TUV",
    "isoNumericCode": "798"
  },
  {
    "officialCountryName": "Uganda",
    "isoCodeAlpha2": "UG",
    "isoCodeAlpha3": "UGA",
    "isoNumericCode": "800"
  },
  {
    "officialCountryName": "Ukraine",
    "isoCodeAlpha2": "UA",
    "isoCodeAlpha3": "UKR",
    "isoNumericCode": "804"
  },
  {
    "officialCountryName": "United Arab Emirates",
    "isoCodeAlpha2": "AE",
    "isoCodeAlpha3": "ARE",
    "isoNumericCode": "784"
  },
  {
    "officialCountryName": "United Kingdom of Great Britain and Northern Ireland",
    "isoCodeAlpha2": "GB",
    "isoCodeAlpha3": "GBR",
    "isoNumericCode": "826"
  },
  {
    "officialCountryName": "United States of America",
    "isoCodeAlpha2": "US",
    "isoCodeAlpha3": "USA",
    "isoNumericCode": "840"
  },
  {
    "officialCountryName": "United States Minor Outlying Islands",
    "isoCodeAlpha2": "UM",
    "isoCodeAlpha3": "UMI",
    "isoNumericCode": "581"
  },
  {
    "officialCountryName": "Uruguay",
    "isoCodeAlpha2": "UY",
    "isoCodeAlpha3": "URY",
    "isoNumericCode": "858"
  },
  {
    "officialCountryName": "Uzbekistan",
    "isoCodeAlpha2": "UZ",
    "isoCodeAlpha3": "UZB",
    "isoNumericCode": "860"
  },
  {
    "officialCountryName": "Vanuatu",
    "isoCodeAlpha2": "VU",
    "isoCodeAlpha3": "VUT",
    "isoNumericCode": "548"
  },
  {
    "officialCountryName": "Venezuela (Bolivarian Republic of)",
    "isoCodeAlpha2": "VE",
    "isoCodeAlpha3": "VEN",
    "isoNumericCode": "862"
  },
  {
    "officialCountryName": "Viet Nam",
    "isoCodeAlpha2": "VN",
    "isoCodeAlpha3": "VNM",
    "isoNumericCode": "704"
  },
  {
    "officialCountryName": "Virgin Islands (British)",
    "isoCodeAlpha2": "VG",
    "isoCodeAlpha3": "VGB",
    "isoNumericCode": "092"
  },
  {
    "officialCountryName": "Virgin Islands (U.S.)",
    "isoCodeAlpha2": "VI",
    "isoCodeAlpha3": "VIR",
    "isoNumericCode": "850"
  },
  {
    "officialCountryName": "Wallis and Futuna",
    "isoCodeAlpha2": "WF",
    "isoCodeAlpha3": "WLF",
    "isoNumericCode": "876"
  },
  {
    "officialCountryName": "Western Sahara",
    "isoCodeAlpha2": "EH",
    "isoCodeAlpha3": "ESH",
    "isoNumericCode": "732"
  },
  {
    "officialCountryName": "Yemen",
    "isoCodeAlpha2": "YE",
    "isoCodeAlpha3": "YEM",
    "isoNumericCode": "887"
  },
  {
    "officialCountryName": "Zambia",
    "isoCodeAlpha2": "ZM",
    "isoCodeAlpha3": "ZMB",
    "isoNumericCode": "894"
  },
  {
    "officialCountryName": "Zimbabwe",
    "isoCodeAlpha2": "ZW",
    "isoCodeAlpha3": "ZWE",
    "isoNumericCode": "716"
  }
]
